step	f1-type	f1-socre	f1-t+s
0	0.1246684350132626	0.7687002652519871	0.11105216622458004
250	0.5915119363395226	0.8980548187444732	0.7026525198938985
500	0.7232537577365165	0.9381078691423519	0.7787798408488059
750	0.7541998231653404	0.9308576480990274	0.7991158267020333
1000	0.7541998231653404	0.9371352785145886	0.8109637488947828
1250	0.7462422634836429	0.9353669319186557	0.8030061892130851
1500	0.7537577365163574	0.9358974358974353	0.811847922192749
