step	f1-type	f1-socre	f1-t+s
0	0.07734113712374582	0.6020066889632086	0.10234113712374573
250	0.7755016722408027	0.9260033444816048	0.8089464882943141
500	0.8214882943143813	0.9461538461538462	0.8433946488294316
750	0.8214882943143813	0.9502508361204013	0.8394648829431439
1000	0.8281772575250836	0.9479933110367894	0.8472408026755854
1250	0.8239966555183946	0.9455685618729099	0.8359531772575252
1500	0.8352842809364549	0.9487458193979935	0.8465719063545153
